module,role,manuscript,package,status,sha256
01_behavior,selected_analysis,Fig.1; Fig.8; S8,analysis\01_behavior\analysis_code\behavior\analyze_openfield_tj_factorial_n7_20260827_r3.py,source-linked; numerical rerun pending,9f83ae628ce7fd4fa0f49b475f443532cd01652c13ee6164710fecc46de08f9b
01_behavior,selected_analysis,Fig.1; Fig.8; S8,analysis\01_behavior\analysis_code\behavior_fc\analyze_fc_20260323_contextual_cue.py,source-linked; numerical rerun pending,1e3de9bab72567d7192ee48a9e9012977b36fba00d4456b759c43cfc1bf79b24
01_behavior,local_import_dependency,Fig.1; Fig.8; S8,analysis\01_behavior\analysis_code\behavior_fc\analyze_fc_contextual_4groups.py,source-linked; numerical rerun pending,48c8606a30987089284f5e27adc40eb70d3e986bedbc1a2fdd73eac3611176e3
01_behavior,local_import_dependency,Fig.1; Fig.8; S8,analysis\01_behavior\analysis_code\behavior_fc\reanalyze_fc_contextual_20260317_20260829.py,source-linked; numerical rerun pending,1c5a4e38585b793d6031a1ac93e331fefe99e26570ca81639b0b15ccd4382749
01_behavior,selected_analysis,Fig.1; Fig.8; S8,analysis\01_behavior\analysis_code\behavior_fc\reanalyze_fc_contextual_final_corrected_raw_20260829.py,source-linked; numerical rerun pending,7e9315b06bfd31547c356d27c499962512362eed0114bf2d51d6d4976e806876
01_behavior,local_import_dependency,Fig.1; Fig.8; S8,analysis\01_behavior\analysis_code\behavior_fc\reanalyze_fc_contextual_six_group_swaps_20260829.py,source-linked; numerical rerun pending,3ad5ac3728972ddd18adb555aaf37e7fcc919c679ba3b05c5c18d2d1859f1149
01_behavior,selected_analysis,Fig.1; Fig.8; S8,analysis\01_behavior\figure_workspace\Fig10_Golgi_spine_density\behavior\scripts\update_nor.py,source-linked; numerical rerun pending,17ef08c5af42453d07bcf563725f2ac4bab2cf6ad5b013361c3f88382b82ba4b
01_behavior,selected_analysis,Fig.1; Fig.8; S8,analysis\01_behavior\figure_workspace\Fig10_Golgi_spine_density\behavior\scripts\update_ymaze.py,source-linked; numerical rerun pending,97da978f40b14c4b6e006ead7fb35c65ee3b8862741503ec1515cac54c32c556
01_behavior,selected_analysis,Fig.1; Fig.8; S8,analysis\01_behavior\figure_workspace\Fig1_behavior_CON_SUR\scripts\plot_fc_context_nature.py,source-linked; numerical rerun pending,d8f6e2c78cd96241c04de7029a7cebad5c21413ed251c064df92bcb4a9c202dd
01_behavior,selected_analysis,Fig.1; Fig.8; S8,analysis\01_behavior\figure_workspace\Fig1_behavior_CON_SUR\scripts\plot_fc_cue_nature.py,source-linked; numerical rerun pending,c56ac011ad002c55baf4fe18511635a086e1dabd6c8e74f70d41330f7c1075e6
01_behavior,selected_analysis,Fig.1; Fig.8; S8,analysis\01_behavior\figure_workspace\Fig1_behavior_CON_SUR\scripts\plot_nor_di_nature.py,source-linked; numerical rerun pending,54c9c65d0b6d3994bc362587b4c1913f60b1b8ef75e399521a090355cc8edba7
01_behavior,selected_analysis,Fig.1; Fig.8; S8,analysis\01_behavior\figure_workspace\Fig1_behavior_CON_SUR\scripts\plot_of_zone_time_nature.py,source-linked; numerical rerun pending,c8e8ee0b53a29b4b928d9a56b0dcab26b0f3fd6baae9cf3b0cd9f5b899bbdf87
01_behavior,selected_analysis,Fig.1; Fig.8; S8,analysis\01_behavior\figure_workspace\Fig1_behavior_CON_SUR\scripts\plot_ymaze_alternation_nature.py,source-linked; numerical rerun pending,43798d68006318fba6b4ab753b740e610eb026f79c38d12126ce60e0a00b8ed6
01_behavior,selected_analysis,Fig.1; Fig.8; S8,analysis\01_behavior\figure_workspace\Fig1_behavior_CON_SUR\scripts\rebuild_sur_of_nature_style.py,source-linked; numerical rerun pending,72cc69ad639b33c9c2a0a83394067063516c3f09a5f64b64a626968fda6b459e
02_sleep_architecture,selected_analysis,Fig.1; S1–S3,analysis\02_sleep_architecture\figure_workspace\Fig2_sleep_architecture_CON_SUR\Bout_duration_D1_D3_D7\scripts\analyze_sleep_bout_duration_137.py,source-linked; numerical rerun pending,ce3cb23c7f6704493f90ca9231de256a10dd5bbedc0c6c5437a8e3d34a27a61c
02_sleep_architecture,selected_analysis,Fig.1; S1–S3,analysis\02_sleep_architecture\figure_workspace\Fig2_sleep_architecture_CON_SUR\POD1_SWA\scripts\add_sur03_swa_confirmed.py,source-linked; numerical rerun pending,42600591f292cd1dec65257cb8bf34578f035e342fc315452ab521c77d493288
02_sleep_architecture,selected_analysis,Fig.1; S1–S3,analysis\02_sleep_architecture\figure_workspace\Fig2_sleep_architecture_CON_SUR\POD1_SWA\scripts\analysis_fingerprint.py,source-linked; numerical rerun pending,c9d6c5e446723c6775fba99e8031d885731292b25f5425e569c609b7f13f4606
02_sleep_architecture,selected_analysis,Fig.1; S1–S3,analysis\02_sleep_architecture\figure_workspace\Fig2_sleep_architecture_CON_SUR\POD1_SWA\scripts\analyze_pod1_swa.py,source-linked; numerical rerun pending,3c23226b1e5af3aec9645fef8b22939fcf00479da5deb3d255c375ddb5300b7d
02_sleep_architecture,selected_analysis,Fig.1; S1–S3,analysis\02_sleep_architecture\figure_workspace\Fig2_sleep_architecture_CON_SUR\POD1_SWA\scripts\artifact_store.py,source-linked; numerical rerun pending,24267818b2fd608cd26724db768aa93df18b47ca401cdd20d74a0328c63097ae
02_sleep_architecture,selected_analysis,Fig.1; S1–S3,analysis\02_sleep_architecture\figure_workspace\Fig2_sleep_architecture_CON_SUR\POD1_SWA\scripts\plot_pod1_swa_daily_percent.py,source-linked; numerical rerun pending,41d4d21c54003f2b622423bae9c3d3d306cbe49e8367317f4f1443da3a27f17c
02_sleep_architecture,selected_analysis,Fig.1; S1–S3,analysis\02_sleep_architecture\figure_workspace\Fig2_sleep_architecture_CON_SUR\POD1_SWA\scripts\plot_pod1_swa_reference.py,source-linked; numerical rerun pending,82ea65b754ee9097e1912ecc096f152b0bc8ce445ff3b2474c8d4c63d6c0ff87
02_sleep_architecture,selected_analysis,Fig.1; S1–S3,analysis\02_sleep_architecture\figure_workspace\Fig2_sleep_architecture_CON_SUR\POD1_SWA\scripts\slow_wave_activity.py,source-linked; numerical rerun pending,912a81a1c58b99a5cedd82291b06491d6bdddaeb69d6db7644a0121905c56a56
02_sleep_architecture,selected_analysis,Fig.1; S1–S3,analysis\02_sleep_architecture\figure_workspace\Fig2_sleep_architecture_CON_SUR\POD1_SWA\scripts\spectral_analysis.py,source-linked; numerical rerun pending,6dc21376d83b5917daa72ce1e94985b28d517470b93e879deb88c93d0f4ae8f1
02_sleep_architecture,selected_analysis,Fig.1; S1–S3,analysis\02_sleep_architecture\figure_workspace\Fig2_sleep_architecture_CON_SUR\POD7_SWA\scripts\analyze_pod7_swa.py,source-linked; numerical rerun pending,8b4195ac102fb4121ded199fec8ff798a2bec4411a7465bac07fada03caca37e
02_sleep_architecture,selected_analysis,Fig.1; S1–S3,analysis\02_sleep_architecture\figure_workspace\Fig2_sleep_architecture_CON_SUR\Pre_SWA\scripts\analyze_pre_swa.py,source-linked; numerical rerun pending,b20129fcc46b88d046bec334a6e234d9f3eab2af259aba2afa223f805ab093f0
02_sleep_architecture,selected_analysis,Fig.1; S1–S3,analysis\02_sleep_architecture\figure_workspace\Fig2_sleep_architecture_CON_SUR\scripts\redraw_sleep_architecture_origin.py,source-linked; numerical rerun pending,ba910b388158bbd992c2df85292262bb5ed6e869ebe3e1fe6283ecf85f0ed538
03_spindle_SO_MA_coupling,selected_analysis,Fig.2; S7,analysis\03_spindle_SO_MA_coupling\figure_workspace\Fig3_sleep_microarchitecture_CON_SUR\scripts\analyze_coupling_fig8.py,source-linked; numerical rerun pending,703558ca784e69079c9428c69e35cf2f1874414f22bce0a7b6d70283201ad4cc
03_spindle_SO_MA_coupling,selected_analysis,Fig.2; S7,analysis\03_spindle_SO_MA_coupling\figure_workspace\Fig3_sleep_microarchitecture_CON_SUR\scripts\analyze_ma_so_coupling_correlations_p3.py,source-linked; numerical rerun pending,d64216fa718f30c1a6e1dc990e7fb4673c69e6097adf9d57f451d7ccbc3a144e
03_spindle_SO_MA_coupling,selected_analysis,Fig.2; S7,analysis\03_spindle_SO_MA_coupling\figure_workspace\Fig3_sleep_microarchitecture_CON_SUR\scripts\statistics_latest_spindle.py,source-linked; numerical rerun pending,610577fbb97ed9d2e78d866d3df317d0d1f764ed065f9aad674d9dd3485879e2
04_cfos_histology,selected_analysis,Fig.3; S4,analysis\04_cfos_histology\analysis_code\fig4_bba_reproduction\rerun_projectpython_braian_fig4.py,source-linked; numerical rerun pending,4b4076fa400295158cde783b940910b8464a0a5533ebba8f9fc6964e1422d5a9
04_cfos_histology,selected_analysis,Fig.3; S4,analysis\04_cfos_histology\analysis_code\neurocheck\plot_tj_overlap_pies_sleep_style.py,source-linked; numerical rerun pending,72b0240081266b77e2517c74522d397dbe7aa51c02b2218eec4580aa0360b218
04_cfos_histology,selected_analysis,Fig.3; S4,analysis\04_cfos_histology\figure_workspace\Fig4\revisions\valid_zeros_20261006\scripts\analyze.py,source-linked; numerical rerun pending,3393f530d0dd77d01a82efd54f4279298453437ff6792168864186f3bb71e1df
04_cfos_histology,selected_analysis,Fig.3; S4,analysis\04_cfos_histology\workspace\build_braian_midbrain_heatmap_data.py,source-linked; numerical rerun pending,4da652367202842505ffc0d7a33c6632a8d097dd275a8a5dea66b269f7103f93
05_photometry_state_phase,selected_analysis,Fig.4,analysis\05_photometry_state_phase\figure_workspace\Fig5\Anal\Gcamp_FQ\state_level_reanalysis\scripts\analyze_gcamp_state_intensity.py,source-linked; numerical rerun pending,80b5aebf82d3fde072a7bfcc7d6f5bc8835e559c9fb92f013bdb12466ac6de9f
05_photometry_state_phase,selected_analysis,Fig.4,analysis\05_photometry_state_phase\figure_workspace\Fig5\scripts\analyze_fig5_ma_gcamp_timing.py,source-linked; numerical rerun pending,6a7eacf259062ce9ce0d10112580368b2cb49b1eccb0c7b4811725e6f07f48c5
05_photometry_state_phase,selected_analysis,Fig.4,analysis\05_photometry_state_phase\figure_workspace\Fig5\scripts\extract_fig5H_sigma_spindle_source.m,source-linked; numerical rerun pending,45d477373df1c08620ba2df37683170d4f5b8ead819261914d8e163240354d79
05_photometry_state_phase,selected_analysis,Fig.4,analysis\05_photometry_state_phase\figure_workspace\Fig5\scripts\make_fig5_HIJ_spindle_sigma_phase.py,source-linked; numerical rerun pending,97380c996338dc7db3cb1d86b1a128c704a1762d8c811a84f917c1ef03be315a
05_photometry_state_phase,selected_analysis,Fig.4,analysis\05_photometry_state_phase\figure_workspace\Fig5\scripts\prepare_fig5e_gcamp_state_data.py,source-linked; numerical rerun pending,707d1e97996eeb76582e3d1ca4dc5daba38b1a41535dcf21ac3de71124d393b5
06_photometry_postoperative,selected_analysis,Fig.5,analysis\06_photometry_postoperative\figure_workspace\Fig6\scripts\MA_duration_adjustment\analyze_ma_duration_adjustment.py,source-linked; numerical rerun pending,caabca1edfda02e905cbe96c07cc23d5e29935f9e91a3254a1f7d8c3606e6429
06_photometry_postoperative,selected_analysis,Fig.5,analysis\06_photometry_postoperative\figure_workspace\Fig6\scripts\analysis_dependencies\Fig5_calcium_NREM_MA_transition_details\analyze_nrem_ma_transition_details.py,source-linked; numerical rerun pending,00c6c57dd16d14ad2ccd23a1048f11e8c049eb9dec67547466d647398a08aa3b
06_photometry_postoperative,selected_analysis,Fig.5,analysis\06_photometry_postoperative\figure_workspace\Fig6\scripts\analysis_dependencies\Fig5_calcium_NREM_MA_transition_details\plot_cont_1s_event_heatmap.py,source-linked; numerical rerun pending,9c4ee99ff549b7c05b41ffbbb4e819f428b348c8bd780567e530308fc4662030
06_photometry_postoperative,selected_analysis,Fig.5,analysis\06_photometry_postoperative\figure_workspace\Fig6\scripts\analysis_dependencies\Fig5_calcium_NREM_MA_transition_details\plot_sur_1s_event_heatmap.py,source-linked; numerical rerun pending,a6033b2122529917132486322e1ac4678f3f2b71d39774468b6930c928afb40f
06_photometry_postoperative,selected_analysis,Fig.5,analysis\06_photometry_postoperative\figure_workspace\Fig6\scripts\analysis_dependencies\Fig5_calcium_NREM_MA_transition_final_1s\analyze_latest_1s_matched_transitions.py,source-linked; numerical rerun pending,8ae386a278887f233cb6b115c8f607b68b3a23492a57d967c6ee44c3ca8b4332
06_photometry_postoperative,selected_analysis,Fig.5,analysis\06_photometry_postoperative\figure_workspace\Fig6\scripts\analysis_dependencies\Fig5_calcium_sigma_coupling_final_1s\analyze_latest_1s_calcium_sigma.py,source-linked; numerical rerun pending,4932d17a9ab3fc711bcff94767bcd4f3a2e78a6937ae923ed27b1cedf84326b9
06_photometry_postoperative,selected_analysis,Fig.5,analysis\06_photometry_postoperative\figure_workspace\Fig6\scripts\analysis_dependencies\Fig5_calcium_sigma_coupling_final_1s\plot_calcium_sigma_coupling_v2.py,source-linked; numerical rerun pending,58173a37da84c76e451b26dc782da6ad6c55c379ef86af15239485074b4f184d
06_photometry_postoperative,selected_analysis,Fig.5,analysis\06_photometry_postoperative\figure_workspace\Fig6\scripts\comparison_analysis\plot_final_comprehensive_calcium_figure.py,source-linked; numerical rerun pending,184259767486ce19e2d55ff37089f325c28c08f70a7506fc74df626698a02166
07_optogenetics,selected_analysis,Fig.6; S9,analysis\07_optogenetics\analysis_code\virus_chr2_spindle_so\analyze_chr2_spindle_so_5s_10s.py,source-linked; numerical rerun pending,487b33da939afa118cea1ae61571571105988991d7f7c82b86211e1d420c7a6e
07_optogenetics,selected_analysis,Fig.6; S9,analysis\07_optogenetics\analysis_code\virus_chr2_spindle_so\plot_chr2_laser_state_occurrence.py,source-linked; numerical rerun pending,0874fe660186748678d06d06bd1d3f40e57657292fe51b3fc071090713b7acf6
07_optogenetics,selected_analysis,Fig.6; S9,analysis\07_optogenetics\analysis_code\virus_nphr_yellow_light_120s\plot_nphr_yellow_light_spindle_so.py,source-linked; numerical rerun pending,fca552f229f964b4ae987ad9bf883489024eaa79567dbf632806a0d26d15e243
07_optogenetics,selected_analysis,Fig.6; S9,analysis\07_optogenetics\analysis_code\virus_nphr_yellow_light_120s\plot_nphr_yellow_light_spindle_so_paired.py,source-linked; numerical rerun pending,49dddcde08b9ffba7d7d989043bc2380933ec84ede40f194b1c43557b344f4af
07_optogenetics,selected_analysis,Fig.6; S9,analysis\07_optogenetics\figure_workspace\Fig7\data\ChR2_10s\exclude_mouse12\reanalyze_chr2_exclude12.py,source-linked; numerical rerun pending,befb624338ae82d63991cbc3a5de65ff4cd23a7791b5405d04b7353a57c9e666
08_chemogenetics_hM3Dq,selected_analysis,Fig.7; S5,analysis\08_chemogenetics_hM3Dq\figure_workspace\Fig8_hM3Dq_chemogenetics\scripts\analyze_fig8_current_sleep_architecture.py,source-linked; numerical rerun pending,84f47a8031ca25c8627f9ee1826cf9666ac72570eb9348cf5eb0b8377f0e7c60
08_chemogenetics_hM3Dq,selected_analysis,Fig.7; S5,analysis\08_chemogenetics_hM3Dq\figure_workspace\Fig8_hM3Dq_chemogenetics\scripts\fig8_sustained_wake_15s_reanalysis.py,source-linked; numerical rerun pending,94628fe12a2644e4a2b25b0e6ba74f13125ea91622cc2a5a852ae4ba2c8b85da
08_chemogenetics_hM3Dq,selected_analysis,Fig.7; S5,analysis\08_chemogenetics_hM3Dq\figure_workspace\Fig8_hM3Dq_chemogenetics\scripts\recalc_fig8_spectral_all.py,source-linked; numerical rerun pending,0a3961654d853a1a97ac70b299edf8a58499c5b0c1e8856a34e02c2d79d26fff
08_chemogenetics_hM3Dq,selected_analysis,Fig.7; S5,analysis\08_chemogenetics_hM3Dq\figure_workspace\Fig8_hM3Dq_chemogenetics\scripts\redraw_fig8_new_so_spindle_coupling.py,source-linked; numerical rerun pending,fb994d3083ceff4809424d2d3a693454e9983ff4bf6b275a34db476a15be7d3a
08_chemogenetics_hM3Dq,selected_analysis,Fig.7; S5,analysis\08_chemogenetics_hM3Dq\figure_workspace\Fig8_hM3Dq_chemogenetics\scripts\redraw_fig8_requested_16panel_set.py,source-linked; numerical rerun pending,b840842038debc1adf47aabe88d95fe424dcc46d79abd2779df5e93e25927ae4
09_chemogenetics_hM4Di,selected_analysis,Fig.7; S6,analysis\09_chemogenetics_hM4Di\figure_workspace\Fig9_hM4Di_chemogenetics\scripts\analyze_fig9_current_sleep_architecture_ma.py,source-linked; numerical rerun pending,b6236cd6459f821cf4d9f0ca9e399b677576a76e3db8995e4a3b85bbaf947cbc
09_chemogenetics_hM4Di,selected_analysis,Fig.7; S6,analysis\09_chemogenetics_hM4Di\figure_workspace\Fig9_hM4Di_chemogenetics\scripts\analyze_fig9_missing_metrics.py,source-linked; numerical rerun pending,7027e6624b082a4b5121bdceca945694cc945b0db2ee0bd2694d19e19bc4ba4d
09_chemogenetics_hM4Di,local_import_dependency,Fig.7; S6,analysis\09_chemogenetics_hM4Di\figure_workspace\Fig9_hM4Di_chemogenetics\scripts\build_fig9_missing_metrics_origin.py,source-linked; numerical rerun pending,75619830ac58dd5470db21b2af905057a1c854f734c9c27d608dd1358582175e
09_chemogenetics_hM4Di,selected_analysis,Fig.7; S6,analysis\09_chemogenetics_hM4Di\figure_workspace\Fig9_hM4Di_chemogenetics\scripts\fig9_sustained_wake_reanalysis.py,source-linked; numerical rerun pending,25be0761c80b1a1ca487e5dd7e7cd4407eb9fb52ea9f259cb0df428aeff37a4f
09_chemogenetics_hM4Di,selected_analysis,Fig.7; S6,analysis\09_chemogenetics_hM4Di\figure_workspace\Fig9_hM4Di_chemogenetics\scripts\hm4di_reanalyze_latest_manual_spindles.py,source-linked; numerical rerun pending,695dd07b8a293d251e456b34a8590ca891c4b296c68b5ba8ebe298d845ee0d16
09_chemogenetics_hM4Di,local_import_dependency,Fig.7; S6,analysis\09_chemogenetics_hM4Di\figure_workspace\Fig9_hM4Di_chemogenetics\scripts\rebuild_fig9_current_sleep_architecture_ma_origin.py,source-linked; numerical rerun pending,e33cfd03292058208fbb39bae28ba795cb69e719a3bd7fe40f3e3b40f688cf2c
09_chemogenetics_hM4Di,local_import_dependency,Fig.7; S6,analysis\09_chemogenetics_hM4Di\figure_workspace\Fig9_hM4Di_chemogenetics\scripts\rebuild_hm4di_latest_spindle_origin.py,source-linked; numerical rerun pending,fa37b059ffd827bf42a55513395b8e16adbdc1aac1e85dac201fe64275c19870
09_chemogenetics_hM4Di,selected_analysis,Fig.7; S6,analysis\09_chemogenetics_hM4Di\figure_workspace\Fig9_hM4Di_chemogenetics\scripts\rebuild_hm4di_uncoupled_spindle_origin.py,source-linked; numerical rerun pending,70190c61096d5fb5992db33ecad0213afcc6b1f6c37d3f3b6c9fe448423c5a66
09_chemogenetics_hM4Di,selected_analysis,Fig.7; S6,analysis\09_chemogenetics_hM4Di\figure_workspace\Fig9_hM4Di_chemogenetics\scripts\redraw_fig9_6h_timecourse.py,source-linked; numerical rerun pending,e0c58ac9e8f23ebd6bf805ed1bcac5400e9aec41ac9acc81a6280ba550ffe58a
09_chemogenetics_hM4Di,selected_analysis,Fig.7; S6,analysis\09_chemogenetics_hM4Di\figure_workspace\Fig9_hM4Di_chemogenetics\scripts\redraw_fig9_latest_rem_wake_spectral.py,source-linked; numerical rerun pending,07d6123625e6138d39701eaa680c6690781dff6b563240f655e256b8dab27b54
09_chemogenetics_hM4Di,local_import_dependency,Fig.7; S6,analysis\09_chemogenetics_hM4Di\figure_workspace\Fig9_hM4Di_chemogenetics\scripts\redraw_fig9_rem_wake_bouts.py,source-linked; numerical rerun pending,fee4475a5c19596a03d7f94791eef18f2d3e7958a79b8664ccf02013ca6c1048
10_golgi,selected_analysis,Fig.8,analysis\10_golgi\figure_workspace\Fig10_Golgi_spine_density\scripts\aggregate_reviews.py,source-linked; numerical rerun pending,69527eb9c318f83232c60469dcc0cbd61452043b8df95f4a867e201f62e1662e
10_golgi,selected_analysis,Fig.8,analysis\10_golgi\workspace\golgi_mouse_revision\redraw.py,source-linked; numerical rerun pending,c45d0f82d71f67b269a429b5663ecd51ac6fc568d229a7f6347005282fc9cda1
10_golgi,selected_analysis,Fig.8,analysis\10_golgi\workspace\source_audit_20261005\golgi_mouse_level_check\analyze.py,source-linked; numerical rerun pending,296d8ebc4892279115374b206c0f34f38feed7b52fc7cd164e8100aaad8a0fdf
